﻿CURRENT_SHK_PLAN_GRP,CURRENT_SHK_PLAN_SUBGRP,Plan_group_lv1_Supercare_vs_speedcapped,Plan_group_lv2_5G_vs_4_5G,Plan_group_lv3_Multi_vs_Single_vs_Family,Plan_group_lv4_Main_vs_Add_on
5G Lite plans,5G Lite Add-on SIM,SuperCare,SuperCare - 5G,SuperCare - 5G - Multi,SuperCare - 5G - Multi - add-on
5G Lite plans,5G Lite Low tier (50GB or below) with add-on SIM without add-on pack,SuperCare,SuperCare - 5G,SuperCare - 5G - Multi,SuperCare - 5G - Multi - Main
5G Lite plans,5G Lite Low tier (50GB or below) without add-on SIM without add-on pack,SuperCare,SuperCare - 5G,SuperCare - 5G - Single,SuperCare - 5G - Single
5G Mobile plans,5G Add-on SIM,SuperCare,SuperCare - 5G,SuperCare - 5G - Multi,SuperCare - 5G - Multi - add-on
5G Mobile plans,High tier (200GB or above) with add-on SIM with add-on pack,SuperCare,SuperCare - 5G,SuperCare - 5G - Multi,SuperCare - 5G - Multi - Main
5G Mobile plans,High tier (200GB or above) with add-on SIM without add-on pack,SuperCare,SuperCare - 5G,SuperCare - 5G - Multi,SuperCare - 5G - Multi - Main
5G Mobile plans,High tier (200GB or above) without add-on SIM with add-on pack,SuperCare,SuperCare - 5G,SuperCare - 5G - Single,SuperCare - 5G - Single
5G Mobile plans,High tier (200GB or above) without add-on SIM without add-on pack,SuperCare,SuperCare - 5G,SuperCare - 5G - Single,SuperCare - 5G - Single
5G Mobile plans,Low tier (50GB or below) without add-on SIM with add-on pack,SuperCare,SuperCare - 5G,SuperCare - 5G - Multi,SuperCare - 5G - Multi - Main
5G Mobile plans,Low tier (50GB or below) without add-on SIM without add-on pack,SuperCare,SuperCare - 5G,SuperCare - 5G - Single,SuperCare - 5G - Single
5G Mobile plans,Mid tier (>50GB to <200GB) with add-on SIM with add-on pack,SuperCare,SuperCare - 5G,SuperCare - 5G - Multi,SuperCare - 5G - Multi - Main
5G Mobile plans,Mid tier (>50GB to <200GB) with add-on SIM without add-on pack,SuperCare,SuperCare - 5G,SuperCare - 5G - Multi,SuperCare - 5G - Multi - Main
5G Mobile plans,Mid tier (>50GB to <200GB) without add-on SIM with add-on pack,SuperCare,SuperCare - 5G,SuperCare - 5G - Single,SuperCare - 5G - Single
5G Mobile plans,Mid tier (>50GB to <200GB) without add-on SIM without add-on pack,SuperCare,SuperCare - 5G,SuperCare - 5G - Single,SuperCare - 5G - Single
Corp 5G plans,Corp 5G plans,Others,Others,Others,Others
Corp non-5G plans,Corp non-5G plans,Others,Others,Others,Others
ExtraCare plans,ExtraCare Add-on SIM (Secondary SIM of 5G plan),SpeedCapped,SpeedCapped,SpeedCapped - Multi,SpeedCapped - Multi - add-on
ExtraCare plans,ExtraCare plans,SpeedCapped,SpeedCapped,SpeedCapped - Single,SpeedCapped - Single
"Other plans (e.g. other voice plan, MBB plans)","Other plans (e.g. other voice plan, MBB plans)",Others,Others,Others,Others
Speed capped unlimited data plans,Speed capped unlimited data plans,SpeedCapped,SpeedCapped,SpeedCapped - Single,SpeedCapped - Single
SuperCare Mobile Mass plans,"""True"" unlimited data plans",SuperCare,SuperCare - 4.5G,SuperCare - 4.5G - Single,SuperCare - 4.5G - Single
SuperCare Mobile Mass plans,Family plans (Main SIM) - Superior,SuperCare,SuperCare - 4.5G,SuperCare - 4.5G - Family,SuperCare - 4.5G - Family - Main
SuperCare Mobile Mass plans,Family plans (Main SIM) with add-on pack,SuperCare,SuperCare - 4.5G,SuperCare - 4.5G - Family,SuperCare - 4.5G - Family - Main
SuperCare Mobile Mass plans,Family plans (Main SIM) without add-on pack,SuperCare,SuperCare - 4.5G,SuperCare - 4.5G - Family,SuperCare - 4.5G - Family - Main
SuperCare Mobile Mass plans,Family plans (Secondary SIM),SuperCare,SuperCare - 4.5G,SuperCare - 4.5G - Family,SuperCare - 4.5G - Family - add-on
SuperCare Mobile Mass plans,High tier (5GB or above) plans with add-on pack,SuperCare,SuperCare - 4.5G,SuperCare - 4.5G - Single,SuperCare - 4.5G - Single
SuperCare Mobile Mass plans,High tier (5GB or above) plans without add-on pack,SuperCare,SuperCare - 4.5G,SuperCare - 4.5G - Single,SuperCare - 4.5G - Single
SuperCare Mobile Mass plans,Mid tier plans (1.5GB - 4.9GB),SuperCare,SuperCare - 4.5G,SuperCare - 4.5G - Single,SuperCare - 4.5G - Single
SuperCare Mobile Mass plans,SuperCare Add-on SIM (Secondary SIM of 5G plan),SuperCare,SuperCare - 4.5G,SuperCare - 4.5G - Multi,SuperCare - 4.5G - Multi - add-on
SuperCare Mobile Mass plans,Unlimited data plans,SuperCare,SuperCare - 4.5G,SuperCare - 4.5G - Single,SuperCare - 4.5G - Single
SuperCare Mobile Mass plans,Upper low tier plans (500MB - 1.4GB),SuperCare,SuperCare - 4.5G,SuperCare - 4.5G - Single,SuperCare - 4.5G - Single
